<code_scheme name="PureEntitiesX">
  <PHPCodeStyleSettings>
    <option name="ALIGN_PHPDOC_PARAM_NAMES" value="true" />
    <option name="SPACE_BEFORE_CLOSURE_LEFT_PARENTHESIS" value="false" />
    <option name="SPACE_BEFORE_COLON_IN_RETURN_TYPE" value="true" />
  </PHPCodeStyleSettings>
  <codeStyleSettings language="PHP">
    <option name="BLANK_LINES_BEFORE_PACKAGE" value="0" />
    <option name="CLASS_BRACE_STYLE" value="1" />
    <option name="METHOD_BRACE_STYLE" value="1" />
    <option name="SPACE_AFTER_TYPE_CAST" value="true" />
    <option name="SPACE_BEFORE_IF_PARENTHESES" value="false" />
    <option name="SPACE_BEFORE_WHILE_PARENTHESES" value="false" />
    <option name="SPACE_BEFORE_FOR_PARENTHESES" value="false" />
    <option name="SPACE_BEFORE_CATCH_PARENTHESES" value="false" />
    <option name="SPACE_BEFORE_SWITCH_PARENTHESES" value="false" />
    <option name="SPACE_BEFORE_CLASS_LBRACE" value="false" />
    <option name="SPACE_BEFORE_METHOD_LBRACE" value="false" />
    <option name="SPACE_BEFORE_IF_LBRACE" value="false" />
    <option name="SPACE_BEFORE_ELSE_LBRACE" value="false" />
    <option name="SPACE_BEFORE_WHILE_LBRACE" value="false" />
    <option name="SPACE_BEFORE_FOR_LBRACE" value="false" />
    <option name="SPACE_BEFORE_DO_LBRACE" value="false" />
    <option name="SPACE_BEFORE_SWITCH_LBRACE" value="false" />
    <option name="SPACE_BEFORE_TRY_LBRACE" value="false" />
    <option name="SPACE_BEFORE_CATCH_LBRACE" value="false" />
    <option name="SPACE_BEFORE_FINALLY_LBRACE" value="false" />
    <option name="SPACE_BEFORE_ELSE_KEYWORD" value="false" />
    <option name="SPACE_BEFORE_WHILE_KEYWORD" value="false" />
    <option name="SPACE_BEFORE_CATCH_KEYWORD" value="false" />
    <option name="SPACE_BEFORE_FINALLY_KEYWORD" value="false" />
    <indentOptions>
      <option name="USE_TAB_CHARACTER" value="true" />
    </indentOptions>
  </codeStyleSettings>
</code_scheme>